Query String,Sentence,Ambiguity Signature Class,Ground-Truth Contextual Target,Conflicting Classical Parse Output,SpaCy_Raw_Pred,SpaCy_Routed_Context,SpaCy_Generated_Answer,SpaCy_CtxRel,SpaCy_Faith,SpaCy_AnsRel,Agentic_Raw_Pred,Agentic_Routed_Context,Agentic_Generated_Answer,Agentic_CtxRel,Agentic_Faith,Agentic_AnsRel,Quantum_Raw_Pred,Quantum_Routed_Context,Quantum_Generated_Answer,Quantum_CtxRel,Quantum_Faith,Quantum_AnsRel,Quantum_Outperformed_SpaCy,Quantum_Outperformed_Agentic,Quantum_Outperformed_Both
Who is performing the action on the boat?,The old man the boat.,Garden Path,The old are performing the action is the target for: who is performing the action on the boat?,man..,0,man..,The man is performing the action on the boat.,9.990766525268555,6.32407808303833,67.2642593383789,1,The old are performing the action is the target for: who is performing the action on the boat?,The old are performing the action.,82.89384460449219,62.17144012451172,40.375823974609375,1,The old are performing the action is the target for: who is performing the action on the boat?,The old are performing the action.,82.89384460449219,62.17144012451172,40.375823974609375,True,False,False
What accommodates the soldiers?,The complex houses married and single soldiers.,Garden Path,The complex accommodates them.,The complex houses.,0,The complex houses.,The complex houses.,20.905014038085938,99.99998474121094,20.905014038085938,1,The complex accommodates them.,The complex.,41.36493682861328,68.53302764892578,15.48353385925293,1,The complex accommodates them.,The complex.,41.36493682861328,68.53302764892578,15.48353385925293,True,False,False
What acts as the subject of the sentence?,The prime number few.,Garden Path,The prime acts as the subject.,The prime number.,0,The prime number.,The prime number.,17.48285675048828,100.00001525878906,17.48285675048828,1,The prime acts as the subject.,The prime acts as the subject.,54.021080017089844,100.0,54.021080017089844,1,The prime acts as the subject.,The prime acts as the subject.,54.021080017089844,100.0,54.021080017089844,True,False,False
Who is performing the leading?,The blind lead the blind.,Garden Path,The blind is the target for: who is performing the leading?,lead..,1,The blind is the target for: who is performing the leading?,The blind is the target for: the conductor.,59.8729362487793,67.82105255126953,18.121814727783203,1,The blind is the target for: who is performing the leading?,The blind is the target for: the conductor.,59.8729362487793,67.82105255126953,18.121814727783203,1,The blind is the target for: who is performing the leading?,The blind is the target for: the conductor.,59.8729362487793,67.82105255126953,18.121814727783203,False,False,False
Who is running the marathon?,The fast run the marathon.,Garden Path,The fast.,The fast run.,0,The fast run.,The fast run.,59.04961395263672,99.99999237060547,59.04961395263672,0,The fast run.,The fast run.,59.04961395263672,99.99999237060547,59.04961395263672,1,The fast.,The fast.,36.612030029296875,100.0,36.612030029296875,True,True,True
Who requires the medicine?,The sick need the medicine.,Garden Path,The sick.,The sick need.,0,The sick need.,The sick require the medicine.,41.95471954345703,76.9439697265625,71.19589233398438,0,The sick need.,The sick require the medicine.,41.95471954345703,76.9439697265625,71.19589233398438,1,The sick.,The sick.,32.52079391479492,100.0,32.52079391479492,True,True,True
Who is playing the game?,The young play the game.,Garden Path,The young is the target for: who is playing the game?,play..,1,The young is the target for: who is playing the game?,The young is the target for the player.,68.55482482910156,82.34297943115234,38.55866622924805,1,The young is the target for: who is playing the game?,The young is the target for the player.,68.55482482910156,82.34297943115234,38.55866622924805,1,The young is the target for: who is playing the game?,The young is the target for the player.,68.55482482910156,82.34297943115234,38.55866622924805,False,False,False
Who is lifting the weights?,The strong lift the weights.,Garden Path,The strong.,The strong lift.,0,The strong lift.,The strong lift.,65.99732971191406,100.00001525878906,65.99732971191406,0,The strong lift.,The strong lift.,65.99732971191406,100.00001525878906,65.99732971191406,1,The strong.,The strong.,42.09280776977539,100.0,42.09280776977539,True,True,True
Who is afraid of the storm?,The weak fear the storm.,Garden Path,The weak.,The weak fear.,0,The weak fear.,The weak fear.,51.10300827026367,100.0000228881836,51.10300827026367,0,The weak fear.,The weak fear.,51.10300827026367,100.0000228881836,51.10300827026367,1,The weak.,The weak.,28.19972038269043,100.00001525878906,28.19972038269043,True,True,True
Who is solving the puzzle?,The smart solve the puzzle.,Garden Path,The smart is the target for: who is solving the puzzle?,solve..,1,The smart is the target for: who is solving the puzzle?,The smart is the target for: the solver.,70.51139831542969,79.69459533691406,41.75564193725586,1,The smart is the target for: who is solving the puzzle?,The smart is the target for: the smart.,70.51139831542969,74.84247589111328,18.977365493774414,1,The smart is the target for: who is solving the puzzle?,The smart is the target for: the solver.,70.51139831542969,79.69459533691406,41.75564193725586,False,False,False
Who provides the guidance?,The wise guide the youth.,Garden Path,The wise.,The wise guide.,0,The wise guide.,The wise guide provides the guidance.,48.1793212890625,81.80673217773438,69.51219177246094,0,The wise guide.,The wise guide provides the guidance.,48.1793212890625,81.80673217773438,69.51219177246094,1,The wise.,The wise.,18.042558670043945,100.0,18.042558670043945,True,True,True
Who reaches the top?,The tall reach the top.,Garden Path,The tall.,The tall reach.,0,The tall reach.,The tall reach.,58.45528793334961,100.0,58.45528793334961,0,The tall reach.,The tall reach.,58.45528793334961,100.0,58.45528793334961,1,The tall.,The tall.,51.61737060546875,100.0000228881836,51.61737060546875,True,True,True
Who is winning the race?,The swift win the race.,Garden Path,The swift is the target for: who is winning the race?,win..,1,The swift is the target for: who is winning the race?,The swift is.,65.62113952636719,68.32657623291016,20.4825496673584,1,The swift is the target for: who is winning the race?,The swift is.,65.62113952636719,68.32657623291016,20.4825496673584,1,The swift is the target for: who is winning the race?,The swift is.,65.62113952636719,68.32657623291016,20.4825496673584,False,False,False
Who commands the market?,The elite control the market.,Garden Path,The elite.,The elite control.,0,The elite control.,The elite control.,32.35688781738281,100.0000228881836,32.35688781738281,0,The elite control.,The elite control.,32.35688781738281,100.0000228881836,32.35688781738281,1,The elite.,The elite commands the market.,21.06906509399414,68.98786163330078,68.57774353027344,True,True,True
Who is haunting the castle?,The dead haunt the castle.,Garden Path,The dead.,The dead haunt.,0,The dead haunt.,The dead.,49.297393798828125,74.92383575439453,34.447723388671875,0,The dead haunt.,The dead.,49.297393798828125,74.92383575439453,34.447723388671875,1,The dead.,The dead.,34.447723388671875,100.00001525878906,34.447723388671875,True,True,True
Who is consuming the bread?,The hungry eat the bread.,Garden Path,The hungry is the target for: who is consuming the bread?,eat..,1,The hungry is the target for: who is consuming the bread?,The hungry is consuming the bread.,81.60359954833984,84.40128326416016,81.8764419555664,1,The hungry is the target for: who is consuming the bread?,The hungry is consuming the bread.,81.60359954833984,84.40128326416016,81.8764419555664,1,The hungry is the target for: who is consuming the bread?,The hungry is consuming the bread.,81.60359954833984,84.40128326416016,81.8764419555664,False,False,False
Who provides the funding?,The rich fund the charity.,Garden Path,The rich.,The rich fund.,0,The rich fund.,The rich provide the funding.,60.78189468383789,70.62796783447266,73.0243148803711,0,The rich fund.,The rich provide the funding.,60.78189468383789,70.62796783447266,73.0243148803711,1,The rich.,The rich.,38.50060272216797,100.00001525878906,38.50060272216797,True,True,True
Who initiates the charge?,The brave charge the enemy.,Garden Path,The brave.,The brave charge.,0,The brave charge.,The brave charge.,52.66659164428711,100.00001525878906,52.66659164428711,0,The brave charge.,The brave charge.,52.66659164428711,100.00001525878906,52.66659164428711,1,The brave.,The brave initiates the charge.,16.351696014404297,62.91971206665039,63.29227828979492,True,True,True
Who is missing the resources?,The poor lack the resources.,Garden Path,The poor is the target for: who is missing the resources?,lack..,1,The poor is the target for: who is missing the resources?,The poor is the target for who is missing the resources.,68.99018859863281,97.30963134765625,68.84547424316406,1,The poor is the target for: who is missing the resources?,The poor is the target for who is missing the resources.,68.99018859863281,97.30963134765625,68.84547424316406,1,The poor is the target for: who is missing the resources?,The poor is the target for who is missing the resources.,68.99018859863281,97.30963134765625,68.84547424316406,False,False,False
Who attempts the impossible?,The bold dare the impossible.,Garden Path,The bold.,The bold dare.,0,The bold dare.,The bold dare.,23.782955169677734,100.0,23.782955169677734,1,The bold.,The bold.,18.856502532958984,100.00001525878906,18.856502532958984,1,The bold.,The bold.,18.856502532958984,100.00001525878906,18.856502532958984,True,False,False
Who experiences the consequences?,The innocent suffer the consequences.,Garden Path,The innocent.,The innocent suffer.,0,The innocent suffer.,The innocent.,44.756568908691406,79.0744400024414,35.35482406616211,0,The innocent suffer.,The innocent.,44.756568908691406,79.0744400024414,35.35482406616211,1,The innocent.,The innocent.,35.35482406616211,99.99999237060547,35.35482406616211,True,True,True
Who is serving the sentence?,The guilty serve the sentence.,Garden Path,The guilty is the target for: who is serving the sentence?,serve..,1,The guilty is the target for: who is serving the sentence?,The guilty is serving the sentence.,75.41361236572266,91.16387176513672,71.9066390991211,1,The guilty is the target for: who is serving the sentence?,The guilty is serving the sentence.,75.41361236572266,91.16387176513672,71.9066390991211,1,The guilty is the target for: who is serving the sentence?,The guilty is serving the sentence.,75.41361236572266,91.16387176513672,71.9066390991211,False,False,False
Who is roaming the plains?,The free roam the plains.,Garden Path,The free.,The free roam.,0,The free roam.,The free roam.,43.58544921875,100.00001525878906,43.58544921875,0,The free roam.,The free roam.,43.58544921875,100.00001525878906,43.58544921875,1,The free.,The free.,15.603240013122559,100.0,15.603240013122559,True,True,True
Who is roaming the forest?,The wild roam the forest.,Garden Path,The wild.,The wild roam.,0,The wild roam.,The wild roam.,54.42035675048828,100.0,54.42035675048828,0,The wild roam.,The wild roam.,54.42035675048828,100.0,54.42035675048828,1,The wild.,"The wild animals, such as deer, wolves, and bears, are roaming the forest.",46.8264045715332,49.2290153503418,60.14591598510742,True,True,True
Who performs the cleansing?,The very profoundly deeply and incredibly extraordinarily faithful pure aggressively and continuously cleanse the eternal soul.,Garden Path,The pure is the target for: who performs the cleansing?,cleanse..,1,The pure is the target for: who performs the cleansing?,The pure is the target for the one who performs the cleansing.,77.75524139404297,93.68475341796875,63.95314407348633,1,The pure is the target for: who performs the cleansing?,The pure is the target for the one who performs the cleansing.,77.75524139404297,93.68475341796875,63.95314407348633,0,cleanse..,"The one who performs the cleansing is the ""I"" (the self).",56.36719512939453,45.485836029052734,80.35778045654297,False,False,False
What is the primary action of the horse?,The horse raced past the barn fell.,Reduced Relative,The horse fell is the primary action.,The horse raced.,0,The horse raced.,The primary action of the horse is racing.,55.10036849975586,73.57664489746094,83.52774047851562,1,The horse fell is the primary action.,The horse fell.,81.58409881591797,79.9122314453125,56.826358795166016,1,The horse fell is the primary action.,The primary action of the horse is the horse fell.,81.58409881591797,97.17269897460938,79.6977767944336,True,False,False
What was the state of the florist?,The florist sent the flowers was pleased.,Reduced Relative,The florist was pleased was the state.,The florist sent.,1,The florist was pleased was the state.,The florist was pleased was the state.,82.19384002685547,100.0,82.19384002685547,1,The florist was pleased was the state.,The florist was pleased was the state.,82.19384002685547,100.0,82.19384002685547,0,The florist sent.,The state of the florist is that it sent.,67.81143188476562,85.10626220703125,76.80104064941406,False,False,False
What did the student ultimately do?,The student asked the question hesitated.,Reduced Relative,The student hesitated ultimately is the target for: what did the student ultimately do?,asked..,1,The student hesitated ultimately is the target for: what did the student ultimately do?,The student hesitated ultimately is the target for: hesitated.,79.27123260498047,84.75318145751953,49.92852020263672,1,The student hesitated ultimately is the target for: what did the student ultimately do?,The student hesitated ultimately is the target for: hesitated.,79.27123260498047,84.75318145751953,49.92852020263672,1,The student hesitated ultimately is the target for: what did the student ultimately do?,The student hesitated ultimately is the target for: hesitated.,79.27123260498047,84.75318145751953,49.92852020263672,False,False,False
What was the final action of the suspect?,The suspect interrogated by the police confessed.,Reduced Relative,The suspect confessed.,The suspect interrogated.,1,The suspect confessed.,The suspect confessed.,71.36026000976562,100.0000228881836,71.36026000976562,0,The suspect interrogated.,The final action of the suspect was the suspect interrogated.,70.0461654663086,86.62774658203125,87.16114807128906,1,The suspect confessed.,The suspect confessed.,71.36026000976562,100.0000228881836,71.36026000976562,False,True,False
What happened to the car?,The car driven past the house crashed.,Reduced Relative,The car crashed.,The car driven.,1,The car crashed.,The car crashed.,71.7978515625,99.99998474121094,71.7978515625,1,The car crashed.,The car crashed.,71.7978515625,99.99998474121094,71.7978515625,1,The car crashed.,The car crashed.,71.7978515625,99.99998474121094,71.7978515625,False,False,False
What did the athlete do?,The athlete injured in the game cried.,Reduced Relative,The athlete cried is the target for: what did the athlete do?,injured..,1,The athlete cried is the target for: what did the athlete do?,The athlete cried.,76.2120132446289,86.99174499511719,59.13382339477539,1,The athlete cried is the target for: what did the athlete do?,The athlete cried.,76.2120132446289,86.99174499511719,59.13382339477539,1,The athlete cried is the target for: what did the athlete do?,The athlete cried.,76.2120132446289,86.99174499511719,59.13382339477539,False,False,False
What was the action of the man?,The man bitten by the dog howled.,Reduced Relative,The man howled.,The man bitten.,1,The man howled.,The action of the man was howling.,44.96146011352539,77.71064758300781,66.9991455078125,1,The man howled.,The man howled.,44.96146011352539,100.0,44.96146011352539,1,The man howled.,The man howled.,44.96146011352539,100.0,44.96146011352539,False,False,False
What did the child do?,The child pushed down the slide laughed.,Reduced Relative,The child laughed.,The child pushed.,0,The child pushed.,The child pushed.,70.41588592529297,100.0,70.41588592529297,0,The child pushed.,The child pushed.,70.41588592529297,100.0,70.41588592529297,1,The child laughed.,The child laughed.,58.0418586730957,100.0,58.0418586730957,True,True,True
What action did the woman take?,The woman painted by the artist smiled.,Reduced Relative,The woman smiled is the target for: what action did the woman take?,painted..,1,The woman smiled is the target for: what action did the woman take?,The woman smiled.,80.0981674194336,71.67400360107422,39.7931022644043,1,The woman smiled is the target for: what action did the woman take?,The woman smiled.,80.0981674194336,71.67400360107422,39.7931022644043,1,The woman smiled is the target for: what action did the woman take?,The woman smiled.,80.0981674194336,71.67400360107422,39.7931022644043,False,False,False
What did the bird do?,The bird watched by the cat flew.,Reduced Relative,The bird flew.,The bird watched.,1,The bird flew.,The bird flew.,77.08616638183594,99.99999237060547,77.08616638183594,0,The bird watched.,The bird watched.,75.43102264404297,100.0,75.43102264404297,1,The bird flew.,The bird flew.,77.08616638183594,99.99999237060547,77.08616638183594,False,True,False
What was the fate of the ship?,The ship sailed across the sea sank.,Reduced Relative,The ship sank.,The ship sailed.,0,The ship sailed.,The ship sailed.,73.8408432006836,100.00001525878906,73.8408432006836,0,The ship sailed.,The ship sailed.,73.8408432006836,100.00001525878906,73.8408432006836,1,The ship sank.,The ship sank.,75.76300811767578,100.0,75.76300811767578,True,True,True
What happened to the letter?,The letter mailed to the boss vanished.,Reduced Relative,The letter vanished is the target for: what happened to the letter?,mailed..,1,The letter vanished is the target for: what happened to the letter?,The letter vanished is the target for: it vanished.,87.78633117675781,91.28996276855469,70.81341552734375,1,The letter vanished is the target for: what happened to the letter?,The letter vanished is the target for: it vanished.,87.78633117675781,91.28996276855469,70.81341552734375,1,The letter vanished is the target for: what happened to the letter?,The letter vanished is the target for: it vanished.,87.78633117675781,91.28996276855469,70.81341552734375,False,False,False
What did the gold do?,The gold mined from the cave gleamed.,Reduced Relative,The gold gleamed.,The gold mined.,1,The gold gleamed.,The gold gleamed.,66.15816497802734,100.00001525878906,66.15816497802734,0,The gold mined.,The gold was mined.,78.6372299194336,93.42879486083984,82.66545867919922,1,The gold gleamed.,The gold gleamed.,66.15816497802734,100.00001525878906,66.15816497802734,False,True,False
What happened to the food?,The food cooked by the chef burned.,Reduced Relative,The food burned.,The food cooked.,1,The food burned.,The food burned.,69.06878662109375,99.99999237060547,69.06878662109375,0,The food cooked.,The food cooked.,64.79370880126953,100.0,64.79370880126953,1,The food burned.,The food burned.,69.06878662109375,99.99999237060547,69.06878662109375,False,True,False
What did the song do?,The song sung by the choir echoed.,Reduced Relative,The song echoed is the target for: what did the song do?,sung..,1,The song echoed is the target for: what did the song do?,The song echoed.,77.30225372314453,81.11466217041016,61.0703125,1,The song echoed is the target for: what did the song do?,The song echoed.,77.30225372314453,81.11466217041016,61.0703125,1,The song echoed is the target for: what did the song do?,The song echoed.,77.30225372314453,81.11466217041016,61.0703125,False,False,False
What happened to the book?,The book read by the class vanished.,Reduced Relative,The book vanished.,The book read.,1,The book vanished.,The book vanished.,81.73957061767578,99.99998474121094,81.73957061767578,1,The book vanished.,The book vanished.,81.73957061767578,99.99998474121094,81.73957061767578,0,The book read.,The book read.,59.941226959228516,100.00001525878906,59.941226959228516,False,False,False
What was the outcome of the movie?,The movie directed by the star flopped.,Reduced Relative,The movie flopped.,The movie directed.,1,The movie flopped.,The movie flopped.,62.1256217956543,99.99999237060547,62.1256217956543,1,The movie flopped.,The movie flopped.,62.1256217956543,99.99999237060547,62.1256217956543,1,The movie flopped.,The movie flopped.,62.1256217956543,99.99999237060547,62.1256217956543,False,False,False
What did the play do?,The play rehearsed in the hall started.,Reduced Relative,The play started is the target for: what did the play do?,rehearsed..,1,The play started is the target for: what did the play do?,The play started is the target for: started.,84.7208480834961,79.45256042480469,50.02116012573242,1,The play started is the target for: what did the play do?,The play started is the target for: started.,84.7208480834961,79.45256042480469,50.02116012573242,1,The play started is the target for: what did the play do?,The play started is the target for: started.,84.7208480834961,79.45256042480469,50.02116012573242,False,False,False
What did the team achieve?,The team coached by the veteran won.,Reduced Relative,The team won.,The team coached.,1,The team won.,The team won.,62.43955612182617,100.00001525878906,62.43955612182617,1,The team won.,The team won.,62.43955612182617,100.00001525878906,62.43955612182617,1,The team won.,The team won.,62.43955612182617,100.00001525878906,62.43955612182617,False,False,False
What action did the army take?,The army led into battle charged.,Reduced Relative,The army charged.,The army led.,1,The army charged.,The army charged.,66.0302505493164,100.00001525878906,66.0302505493164,1,The army charged.,The army charged.,66.0302505493164,100.00001525878906,66.0302505493164,1,The army charged.,The army charged.,66.0302505493164,100.00001525878906,66.0302505493164,False,False,False
What was the outcome for the patient?,The patient treated by the nurse recovered.,Reduced Relative,The patient recovered is the target for: what was the outcome for the patient?,treated..,1,The patient recovered is the target for: what was the outcome for the patient?,The patient recovered.,76.31468963623047,74.4502182006836,72.85041809082031,1,The patient recovered is the target for: what was the outcome for the patient?,The patient recovered.,76.31468963623047,74.4502182006836,72.85041809082031,1,The patient recovered is the target for: what was the outcome for the patient?,The patient recovered.,76.31468963623047,74.4502182006836,72.85041809082031,False,False,False
What did the code do?,The code written by the dev compiled.,Reduced Relative,The code compiled.,The code written.,1,The code compiled.,The code compiled.,65.4817123413086,100.0,65.4817123413086,0,The code written.,The code written.,75.54869842529297,100.00001525878906,75.54869842529297,1,The code compiled.,The code compiled.,65.4817123413086,100.0,65.4817123413086,False,True,False
What happened to the cake?,The cake baked by the mom cooled.,Reduced Relative,The cake cooled.,The cake baked.,1,The cake cooled.,The cake cooled.,67.32878875732422,100.0,67.32878875732422,1,The cake cooled.,The cake cooled.,67.32878875732422,100.0,67.32878875732422,1,The cake cooled.,The cake cooled.,67.32878875732422,100.0,67.32878875732422,False,False,False
What did the window do?,The window broken by the rock shattered.,Reduced Relative,The window shattered is the target for: what did the window do?,broken..,1,The window shattered is the target for: what did the window do?,The window shattered.,87.27355194091797,87.23489379882812,75.82508087158203,1,The window shattered is the target for: what did the window do?,The window shattered.,87.27355194091797,87.23489379882812,75.82508087158203,1,The window shattered is the target for: what did the window do?,The window shattered.,87.27355194091797,87.23489379882812,75.82508087158203,False,False,False
What happened to the tree?,The incredibly ancient and massively towering oak tree suddenly struck by the fiercely violent lightning dramatically split.,Reduced Relative,The tree split.,The tree struck.,1,The tree split.,The tree split.,69.93888854980469,100.0000228881836,69.93888854980469,0,The tree struck.,The tree struck.,72.39396667480469,100.00001525878906,72.39396667480469,1,The tree split.,The tree split.,69.93888854980469,100.0000228881836,69.93888854980469,False,True,False
What physical object made direct contact to crush the garlic?,"Using the silk napkin, the chef crushed the garlic, completely ignoring the garlic press.",Instrumental Fronting,The silk napkin made direct contact.,The garlic press.,0,The garlic press.,The garlic press.,61.433387756347656,100.00001525878906,61.433387756347656,1,The silk napkin made direct contact.,The silk napkin.,41.3492431640625,83.7902603149414,31.882186889648438,1,The silk napkin made direct contact.,The silk napkin.,41.3492431640625,83.7902603149414,31.882186889648438,True,False,False
What physical object made direct contact to till the soil?,"Using the wooden stick, the farmer tilled the soil, completely ignoring the soil plow.",Instrumental Fronting,The wooden stick made direct contact is the target for: what physical object made direct contact to till the soil?,plow..,1,The wooden stick made direct contact is the target for: what physical object made direct contact to till the soil?,The physical object made direct contact to till the soil is the plow.,83.92997741699219,71.18133544921875,80.17713165283203,1,The wooden stick made direct contact is the target for: what physical object made direct contact to till the soil?,The physical object made direct contact to till the soil is the plow.,83.92997741699219,71.18133544921875,80.17713165283203,1,The wooden stick made direct contact is the target for: what physical object made direct contact to till the soil?,The physical object made direct contact to till the soil is the plow.,83.92997741699219,71.18133544921875,80.17713165283203,False,False,False
What physical object made direct contact to crack the rock?,"Using the wooden mallet, the miner cracked the rock, completely ignoring the rock drill.",Instrumental Fronting,The wooden mallet made direct contact.,The rock drill.,0,The rock drill.,The rock drill.,47.267704010009766,99.99999237060547,47.267704010009766,1,The wooden mallet made direct contact.,The wooden mallet.,35.86294174194336,80.91007232666016,27.534229278564453,1,The wooden mallet made direct contact.,The wooden mallet.,35.86294174194336,80.91007232666016,27.534229278564453,True,False,False
What physical object made direct contact to filter the water?,"Using the cotton shirt, the camper filtered the water, completely ignoring the water mesh.",Instrumental Fronting,The cotton shirt made direct contact.,The water mesh.,0,The water mesh.,The water mesh.,55.42660903930664,100.0,55.42660903930664,1,The cotton shirt made direct contact.,The cotton shirt.,31.826717376708984,79.7738037109375,17.999094009399414,1,The cotton shirt made direct contact.,The cotton shirt.,31.826717376708984,79.7738037109375,17.999094009399414,True,False,False
What physical object made direct contact to drive the nail?,"Using the wet noodle, the carpenter drove the nail, completely ignoring the nail hammer.",Instrumental Fronting,The wet noodle made direct contact is the target for: what physical object made direct contact to drive the nail?,hammer..,1,The wet noodle made direct contact is the target for: what physical object made direct contact to drive the nail?,A hammer.,84.5535659790039,37.84443664550781,46.586585998535156,1,The wet noodle made direct contact is the target for: what physical object made direct contact to drive the nail?,A hammer.,84.5535659790039,37.84443664550781,46.586585998535156,0,hammer..,The hammer.,41.48814010620117,85.39532470703125,39.3824462890625,False,False,False
What physical object made direct contact to tighten the bolt?,"Using the glass slipper, the mechanic tightened the bolt, completely ignoring the bolt wrench.",Instrumental Fronting,The glass slipper made direct contact to tighten the bolt.,The bolt wrench.,1,The glass slipper made direct contact to tighten the bolt.,The glass slipper.,72.02875518798828,49.0262336730957,19.748319625854492,1,The glass slipper made direct contact to tighten the bolt.,The glass slipper.,72.02875518798828,49.0262336730957,19.748319625854492,1,The glass slipper made direct contact to tighten the bolt.,The glass slipper.,72.02875518798828,49.0262336730957,19.748319625854492,False,False,False
What physical object made direct contact to fell the tree?,"Using the feather duster, the lumberjack felled the tree, completely ignoring the tree axe.",Instrumental Fronting,The feather duster made direct contact to fell the tree.,The tree axe.,1,The feather duster made direct contact to fell the tree.,The feather duster.,67.8205795288086,62.93718719482422,17.792388916015625,1,The feather duster made direct contact to fell the tree.,The feather duster.,67.8205795288086,62.93718719482422,17.792388916015625,0,The tree axe.,The tree axe.,47.67203140258789,100.0,47.67203140258789,False,False,False
What physical object made direct contact to cut the tissue?,"Using the rubber duck, the surgeon cut the tissue, completely ignoring the tissue scalpel.",Instrumental Fronting,The rubber duck made direct contact to cut the tissue is the target for: what physical object made direct contact to cut the tissue?,scalpel..,1,The rubber duck made direct contact to cut the tissue is the target for: what physical object made direct contact to cut the tissue?,The rubber duck.,82.15034484863281,55.734588623046875,18.637556076049805,1,The rubber duck made direct contact to cut the tissue is the target for: what physical object made direct contact to cut the tissue?,The rubber duck.,82.15034484863281,55.734588623046875,18.637556076049805,1,The rubber duck made direct contact to cut the tissue is the target for: what physical object made direct contact to cut the tissue?,The rubber duck.,82.15034484863281,55.734588623046875,18.637556076049805,False,False,False
What physical object made direct contact to shape the iron?,"Using the paper straw, the blacksmith shaped the iron, completely ignoring the iron anvil.",Instrumental Fronting,The paper straw made direct contact to shape the iron.,The iron anvil.,1,The paper straw made direct contact to shape the iron.,The paper straw made direct contact to shape the iron.,69.53260803222656,100.0,69.53260803222656,1,The paper straw made direct contact to shape the iron.,The paper straw made direct contact to shape the iron.,69.53260803222656,100.0,69.53260803222656,0,The iron anvil.,The physical object that made direct contact to shape the iron is the anvil.,51.24070739746094,75.90534973144531,82.2828140258789,False,False,False
What physical object made direct contact to breach the door?,"Using the cotton swab, the soldier breached the door, completely ignoring the door explosive.",Instrumental Fronting,The cotton swab made direct contact to breach the door.,The door explosive.,1,The cotton swab made direct contact to breach the door.,The cotton swab.,62.69998550415039,70.03874969482422,17.05885887145996,1,The cotton swab made direct contact to breach the door.,The cotton swab.,62.69998550415039,70.03874969482422,17.05885887145996,0,The door explosive.,The explosive.,57.21549987792969,75.61125946044922,23.31305694580078,False,False,False
What physical object made direct contact to coat the wall?,"Using the slice of bread, the painter coated the wall, completely ignoring the wall brush.",Instrumental Fronting,The slice of bread made direct contact to coat the wall is the target for: what physical object made direct contact to coat the wall?,brush..,1,The slice of bread made direct contact to coat the wall is the target for: what physical object made direct contact to coat the wall?,The slice of bread.,86.01677703857422,52.09321975708008,21.77067756652832,1,The slice of bread made direct contact to coat the wall is the target for: what physical object made direct contact to coat the wall?,The slice of bread.,86.01677703857422,52.09321975708008,21.77067756652832,0,brush..,The brush.,25.909412384033203,81.63460540771484,34.77674102783203,False,False,False
What physical object made direct contact to stitch the fabric?,"Using the ice cube, the tailor stitched the fabric, completely ignoring the fabric needle.",Instrumental Fronting,The ice cube.,The fabric needle.,0,The fabric needle.,The fabric needle.,66.61158752441406,100.0,66.61158752441406,0,The fabric needle.,The fabric needle.,66.61158752441406,100.0,66.61158752441406,1,The ice cube.,The ice cube.,22.821208953857422,100.00001525878906,22.821208953857422,True,True,True
What physical object made direct contact to prune the rose?,"Using the playing card, the gardener pruned the rose, completely ignoring the rose shears.",Instrumental Fronting,The playing card.,The rose shears.,0,The rose shears.,The rose shears.,53.52045822143555,100.0000228881836,53.52045822143555,0,The rose shears.,The rose shears.,53.52045822143555,100.0000228881836,53.52045822143555,1,The playing card.,The playing card.,15.378777503967285,100.0,15.378777503967285,True,True,True
What physical object made direct contact to chisel the marble?,"Using the shoelace, the sculptor chiseled the marble, completely ignoring the marble chisel.",Instrumental Fronting,The shoelace is the target for: what physical object made direct contact to chisel the marble?,chisel..,1,The shoelace is the target for: what physical object made direct contact to chisel the marble?,The shoelace.,89.11094665527344,48.19633865356445,20.620542526245117,1,The shoelace is the target for: what physical object made direct contact to chisel the marble?,The shoelace.,89.11094665527344,48.19633865356445,20.620542526245117,1,The shoelace is the target for: what physical object made direct contact to chisel the marble?,The shoelace.,89.11094665527344,48.19633865356445,20.620542526245117,False,False,False
What physical object made direct contact to carve the meat?,"Using the plastic spoon, the butcher carved the meat, completely ignoring the meat cleaver.",Instrumental Fronting,The plastic spoon.,The meat cleaver.,0,The meat cleaver.,The meat cleaver.,53.946781158447266,100.0,53.946781158447266,0,The meat cleaver.,The meat cleaver.,53.946781158447266,100.0,53.946781158447266,1,The plastic spoon.,The plastic spoon.,33.86451721191406,100.0,33.86451721191406,True,True,True
What physical object made direct contact to strip the wire?,"Using the paper clip, the electrician stripped the wire, completely ignoring the wire cutter.",Instrumental Fronting,The paper clip.,The wire cutter.,0,The wire cutter.,The wire cutter.,62.72365951538086,100.0000228881836,62.72365951538086,0,The wire cutter.,The wire cutter.,62.72365951538086,100.0000228881836,62.72365951538086,1,The paper clip.,The paper clip.,21.63381576538086,100.0,21.63381576538086,True,True,True
What physical object made direct contact to clean the lens?,"Using the coffee filter, the astronomer cleaned the lens, completely ignoring the lens cloth.",Instrumental Fronting,The coffee filter is the target for: what physical object made direct contact to clean the lens?,cloth..,1,The coffee filter is the target for: what physical object made direct contact to clean the lens?,The coffee filter.,81.60716247558594,65.79203796386719,34.295494079589844,1,The coffee filter is the target for: what physical object made direct contact to clean the lens?,The physical object that made direct contact to clean the lens is the coffee filter.,81.60716247558594,95.87228393554688,82.78624725341797,0,cloth..,The cloth.,37.352073669433594,83.37268829345703,34.80242156982422,False,False,False
What physical object made direct contact to mop the floor?,"Using the torn receipt, the janitor mopped the floor, completely ignoring the floor mop.",Instrumental Fronting,The torn receipt.,The floor mop.,0,The floor mop.,The physical object that made direct contact to mop the floor is the mop head.,74.36198425292969,74.46054077148438,85.19242095947266,0,The floor mop.,The physical object that made direct contact to mop the floor is the mop head.,74.36198425292969,74.46054077148438,85.19242095947266,1,The torn receipt.,The torn receipt.,13.307145118713379,100.0,13.307145118713379,True,True,True
What physical object made direct contact to shave the beard?,"Using the wet leaf, the barber shaved the beard, completely ignoring the beard razor.",Instrumental Fronting,The wet leaf.,The beard razor.,0,The beard razor.,The physical object that made direct contact to shave the beard is the blade of the beard razor.,72.07369995117188,72.43840789794922,87.79249572753906,0,The beard razor.,The physical object that made direct contact to shave the beard is the blade of the beard razor.,72.07369995117188,72.43840789794922,87.79249572753906,1,The wet leaf.,The wet leaf.,17.36675262451172,100.00001525878906,17.36675262451172,True,True,True
What physical object made direct contact to slice the cake?,"Using the guitar string, the baker sliced the cake, completely ignoring the cake knife.",Instrumental Fronting,The guitar string is the target for: what physical object made direct contact to slice the cake?,knife..,1,The guitar string is the target for: what physical object made direct contact to slice the cake?,A knife.,75.94084930419922,41.117794036865234,38.24514389038086,1,The guitar string is the target for: what physical object made direct contact to slice the cake?,A knife.,75.94084930419922,41.117794036865234,38.24514389038086,0,knife..,The knife.,31.06439781188965,78.09939575195312,34.152835845947266,False,False,False
What physical object made direct contact to lay the brick?,"Using the tennis ball, the mason laid the brick, completely ignoring the brick trowel.",Instrumental Fronting,The tennis ball.,The brick trowel.,0,The brick trowel.,The brick trowel.,60.485084533691406,99.99999237060547,60.485084533691406,0,The brick trowel.,The brick trowel.,60.485084533691406,99.99999237060547,60.485084533691406,0,The brick trowel.,The brick trowel.,60.485084533691406,99.99999237060547,60.485084533691406,False,False,False
What physical object made direct contact to saw the log?,"Using the velvet ribbon, the lumberjack sawed the log, completely ignoring the log saw.",Instrumental Fronting,The velvet ribbon.,The log saw.,0,The log saw.,The physical object that made direct contact to saw the log is the saw.,74.21271514892578,79.07131958007812,87.84327697753906,0,The log saw.,The physical object that made direct contact to saw the log is the saw.,74.21271514892578,79.07131958007812,87.84327697753906,0,The log saw.,The physical object that made direct contact to saw the log is the saw.,74.21271514892578,79.07131958007812,87.84327697753906,False,False,False
What physical object made direct contact to stir the soup?,"Using the matchstick, the chef stirred the soup, completely ignoring the soup ladle.",Instrumental Fronting,The matchstick is the target for: what physical object made direct contact to stir the soup?,ladle..,1,The matchstick is the target for: what physical object made direct contact to stir the soup?,The matchstick is the target for: the spoon.,87.5931167602539,67.64119720458984,42.23576354980469,1,The matchstick is the target for: what physical object made direct contact to stir the soup?,The matchstick is the target for: the spoon.,87.5931167602539,67.64119720458984,42.23576354980469,1,The matchstick is the target for: what physical object made direct contact to stir the soup?,The matchstick is the target for: the spoon.,87.5931167602539,67.64119720458984,42.23576354980469,False,False,False
What physical object made direct contact to fire the arrow?,"Using the rubber band, the archer fired the arrow, completely ignoring the arrow bow.",Instrumental Fronting,The rubber band.,The arrow bow.,0,The arrow bow.,The physical object that made direct contact to fire the arrow is the bowstring.,60.3983154296875,67.1812744140625,89.62429809570312,0,The arrow bow.,The physical object that made direct contact to fire the arrow is the bowstring.,60.3983154296875,67.1812744140625,89.62429809570312,1,The rubber band.,The rubber band.,26.130142211914062,100.0,26.130142211914062,True,True,True
What physical object made direct contact to sharpen the sword?,"Using the sponge, the knight sharpened the sword, completely ignoring the sword whetstone.",Instrumental Fronting,The sponge.,The sword whetstone.,0,The sword whetstone.,The whetstone.,52.76405334472656,81.52908325195312,23.350358963012695,0,The sword whetstone.,The whetstone.,52.76405334472656,81.52908325195312,23.350358963012695,1,The sponge.,The stone.,10.320262908935547,50.547325134277344,20.353595733642578,True,True,True
What object was physically damaged or acted upon?,The shattered glass cut the heavy steel hammer.,Agent-Patient Inversion,The heavy steel hammer is the target for: what object was physically damaged or acted upon?,glass..,1,The heavy steel hammer is the target for: what object was physically damaged or acted upon?,The heavy steel hammer is the target for: the object that was physically damaged or acted upon is the steel hammer.,67.83453369140625,93.087158203125,56.064002990722656,1,The heavy steel hammer is the target for: what object was physically damaged or acted upon?,The heavy steel hammer is the target for: something.,67.83453369140625,78.35710144042969,33.395530700683594,1,The heavy steel hammer is the target for: what object was physically damaged or acted upon?,The heavy steel hammer is the target for: the object that was physically damaged or acted upon is the steel hammer.,67.83453369140625,93.087158203125,56.064002990722656,False,False,False
What object received the burn damage?,The boiling water burned the hot stove.,Agent-Patient Inversion,The hot stove.,The boiling water.,1,The hot stove.,The hot stove.,43.76398468017578,99.9999771118164,43.76398468017578,1,The hot stove.,The hot stove.,43.76398468017578,99.9999771118164,43.76398468017578,0,The boiling water.,The boiling water.,30.03609848022461,100.0000228881836,30.03609848022461,False,False,False
What object was cut or sawed?,The wooden log sawed the sharp steel chainsaw.,Agent-Patient Inversion,The sharp steel chainsaw.,The wooden log.,1,The sharp steel chainsaw.,The sharp steel chainsaw.,55.33076095581055,100.0000228881836,55.33076095581055,1,The sharp steel chainsaw.,The sharp steel chainsaw.,55.33076095581055,100.0000228881836,55.33076095581055,1,The sharp steel chainsaw.,The sharp steel chainsaw.,55.33076095581055,100.0000228881836,55.33076095581055,False,False,False
What object received the impact of the hammering?,The rusted nail hammered the heavy iron mallet.,Agent-Patient Inversion,The heavy iron mallet is the target for: what object received the impact of the hammering?,nail..,1,The heavy iron mallet is the target for: what object received the impact of the hammering?,The heavy iron mallet is the target for the anvil.,84.49444580078125,60.915733337402344,37.13157272338867,1,The heavy iron mallet is the target for: what object received the impact of the hammering?,The heavy iron mallet is the target for the anvil.,84.49444580078125,60.915733337402344,37.13157272338867,1,The heavy iron mallet is the target for: what object received the impact of the hammering?,The heavy iron mallet is the target for the anvil.,84.49444580078125,60.915733337402344,37.13157272338867,False,False,False
What object was cooked or grilled?,The cooked steak grilled the hot barbecue.,Agent-Patient Inversion,The hot barbecue.,The cooked steak.,1,The hot barbecue.,The hot barbecue.,55.056678771972656,100.0000228881836,55.056678771972656,0,The cooked steak.,The cooked steak.,60.930694580078125,100.0,60.930694580078125,1,The hot barbecue.,The hot barbecue.,55.056678771972656,100.0000228881836,55.056678771972656,False,True,False
Who or what received the programming instructions?,The digital code programmed the software engineer.,Agent-Patient Inversion,The software engineer.,The digital code.,1,The software engineer.,The computer received the programming instructions.,39.658687591552734,42.394371032714844,86.14573669433594,1,The software engineer.,The computer received the programming instructions.,39.658687591552734,42.394371032714844,86.14573669433594,1,The software engineer.,The computer received the programming instructions.,39.658687591552734,42.394371032714844,86.14573669433594,False,False,False
Who or what was painted on?,The blank canvas painted the famous artist.,Agent-Patient Inversion,The famous artist is the target for: who or what was painted on?,canvas..,1,The famous artist is the target for: who or what was painted on?,The famous artist is the target for: the Mona Lisa.,81.84268188476562,62.03262710571289,40.42451858520508,1,The famous artist is the target for: who or what was painted on?,The famous artist is the target for: the Mona Lisa.,81.84268188476562,62.03262710571289,40.42451858520508,1,The famous artist is the target for: who or what was painted on?,The famous artist is the target for: the Mona Lisa.,81.84268188476562,62.03262710571289,40.42451858520508,False,False,False
Who or what was created or composed?,The grand symphony composed the classical musician.,Agent-Patient Inversion,The classical musician.,The grand symphony.,1,The classical musician.,The classical musician.,42.78070068359375,100.00001525878906,42.78070068359375,0,The grand symphony.,The grand symphony.,34.303890228271484,100.00001525878906,34.303890228271484,1,The classical musician.,The classical musician.,42.78070068359375,100.00001525878906,42.78070068359375,False,True,False
Who or what was shaped or sculpted?,The carved marble sculpted the Italian master.,Agent-Patient Inversion,The Italian master.,The carved marble.,1,The Italian master.,The Italian master.,23.424476623535156,100.0,23.424476623535156,0,The carved marble.,The carved marble.,51.856529235839844,100.0,51.856529235839844,1,The Italian master.,The Italian master was shaped or sculpted.,23.424476623535156,69.2964096069336,63.648719787597656,False,True,False
What object was repaired or stitched?,The torn fabric stitched the old sewing machine.,Agent-Patient Inversion,The old sewing machine is the target for: what object was repaired or stitched?,fabric..,1,The old sewing machine is the target for: what object was repaired or stitched?,"According to the context, the old sewing machine is the target for: a piece of clothing.",82.85267639160156,65.93203735351562,38.130104064941406,1,The old sewing machine is the target for: what object was repaired or stitched?,"According to the context, the old sewing machine is the target for: a piece of clothing.",82.85267639160156,65.93203735351562,38.130104064941406,1,The old sewing machine is the target for: what object was repaired or stitched?,"According to the context, the old sewing machine is the target for: a piece of clothing.",82.85267639160156,65.93203735351562,38.130104064941406,False,False,False
What object was moved or dug up?,The fresh dirt dug the rusty metal shovel.,Agent-Patient Inversion,The rusty metal shovel.,The fresh dirt.,1,The rusty metal shovel.,The rusty metal shovel.,48.46371078491211,100.00001525878906,48.46371078491211,1,The rusty metal shovel.,The rusty metal shovel.,48.46371078491211,100.00001525878906,48.46371078491211,1,The rusty metal shovel.,The rusty metal shovel.,48.46371078491211,100.00001525878906,48.46371078491211,False,False,False
What object was scrubbed or washed?,The clean dishes washed the liquid soap.,Agent-Patient Inversion,The liquid soap.,The clean dishes.,1,The liquid soap.,The hands.,44.10036849975586,35.24466323852539,32.26165008544922,0,The clean dishes.,The dishes.,46.454341888427734,90.70184326171875,32.19732666015625,1,The liquid soap.,The hands.,44.10036849975586,35.24466323852539,32.26165008544922,False,True,False
Who or what was steered or driven?,The fast car drove the professional racer.,Agent-Patient Inversion,The professional racer is the target for: who or what was steered or driven?,car..,1,The professional racer is the target for: who or what was steered or driven?,The professional racer is the target for the professional racer.,66.94100189208984,77.52651977539062,21.559242248535156,1,The professional racer is the target for: who or what was steered or driven?,The professional racer is the target for the professional racer.,66.94100189208984,77.52651977539062,21.559242248535156,1,The professional racer is the target for: who or what was steered or driven?,The professional racer is the target for the professional driver.,66.94100189208984,80.08711242675781,28.477006912231445,False,False,False
Who or what was figured out or solved?,The complex equation solved the brilliant mathematician.,Agent-Patient Inversion,The brilliant mathematician.,The complex equation.,1,The brilliant mathematician.,The brilliant mathematician.,40.792808532714844,100.0,40.792808532714844,1,The brilliant mathematician.,The brilliant mathematician.,40.792808532714844,100.0,40.792808532714844,1,The brilliant mathematician.,The brilliant mathematician.,40.792808532714844,100.0,40.792808532714844,False,False,False
Who or what was produced or authored?,The written novel authored the famous writer.,Agent-Patient Inversion,The famous writer.,The written novel.,1,The famous writer.,The famous writer.,53.77153778076172,99.99999237060547,53.77153778076172,0,The written novel.,The written novel.,41.19253921508789,100.0,41.19253921508789,1,The famous writer.,The famous writer.,53.77153778076172,99.99999237060547,53.77153778076172,False,True,False
What object was snared or hooked?,The caught fish hooked the fishing rod.,Agent-Patient Inversion,The fishing rod is the target for: what object was snared or hooked?,fish..,1,The fishing rod is the target for: what object was snared or hooked?,The fishing rod is the target for: a fish.,80.0462875366211,75.603515625,33.94330978393555,1,The fishing rod is the target for: what object was snared or hooked?,The fishing rod is the target for: a fish.,80.0462875366211,75.603515625,33.94330978393555,1,The fishing rod is the target for: what object was snared or hooked?,The fishing rod is the target for: a fish.,80.0462875366211,75.603515625,33.94330978393555,False,False,False
Who or what received the bite?,The eaten apple bit the hungry child.,Agent-Patient Inversion,The hungry child.,The eaten apple.,1,The hungry child.,The hungry child.,28.24222183227539,100.0,28.24222183227539,0,The eaten apple.,"The context does not provide information about who or what received the bite, so the answer is: Unknown.",34.84944534301758,31.631439208984375,79.48291015625,1,The hungry child.,The hungry child.,28.24222183227539,100.0,28.24222183227539,False,True,False
Who or what was chimed or rung?,The loud bell rang the church ringer.,Agent-Patient Inversion,The church ringer.,The loud bell.,1,The church ringer.,The church ringer.,21.97696304321289,100.00001525878906,21.97696304321289,1,The church ringer.,The church ringer chimed or rang the church bells.,21.97696304321289,71.01455688476562,39.974952697753906,1,The church ringer.,The church ringer.,21.97696304321289,100.00001525878906,21.97696304321289,False,False,False
What object was physically rotated or turned?,The locked door turned the brass key.,Agent-Patient Inversion,The brass key is the target for: what object was physically rotated or turned?,door..,1,The brass key is the target for: what object was physically rotated or turned?,The object that was physically rotated or turned is the lock.,65.42830657958984,61.13978576660156,67.33517456054688,1,The brass key is the target for: what object was physically rotated or turned?,The object that was physically rotated or turned is the lock.,65.42830657958984,61.13978576660156,67.33517456054688,1,The brass key is the target for: what object was physically rotated or turned?,The object that was physically rotated or turned is the lock.,65.42830657958984,61.13978576660156,67.33517456054688,False,False,False
What object was cleaned or brushed?,The swept floor brushed the wooden broom.,Agent-Patient Inversion,The wooden broom.,The swept floor.,1,The wooden broom.,The wooden broom.,52.26456069946289,100.0,52.26456069946289,0,The swept floor.,The floor.,33.68730926513672,66.51382446289062,22.026390075683594,1,The wooden broom.,The wooden broom.,52.26456069946289,100.0,52.26456069946289,False,True,False
What object was trimmed or mowed?,The cut grass mowed the riding mower.,Agent-Patient Inversion,The riding mower.,The cut grass.,1,The riding mower.,The grass.,33.608375549316406,54.39253616333008,34.09001159667969,0,The cut grass.,The grass.,51.81989669799805,85.74371337890625,34.09001159667969,1,The riding mower.,The grass.,33.608375549316406,54.39253616333008,34.09001159667969,False,True,False
What object was stuck or jammed?,The printed paper jammed the office printer.,Agent-Patient Inversion,The office printer is the target for: what object was stuck or jammed?,jammed..,1,The office printer is the target for: what object was stuck or jammed?,The object that was stuck or jammed is a paper.,75.74585723876953,79.53485107421875,80.57855224609375,1,The office printer is the target for: what object was stuck or jammed?,A paper was stuck or jammed.,75.74585723876953,77.3481216430664,75.08782196044922,1,The office printer is the target for: what object was stuck or jammed?,The object that was stuck or jammed is a paper.,75.74585723876953,79.53485107421875,80.57855224609375,False,False,False
Who or what was assembled or constructed?,The built house constructed the tired carpenter.,Agent-Patient Inversion,The tired carpenter.,The built house constructed.,0,The built house constructed.,The built house was constructed.,61.972267150878906,97.97161865234375,62.04950714111328,0,The built house constructed.,The built house was constructed.,61.972267150878906,97.97161865234375,62.04950714111328,1,The tired carpenter.,The tired carpenter.,39.85087585449219,100.0000228881836,39.85087585449219,True,True,True
What object was ignited or struck?,The heavily burning lit candle surprisingly struck the fragile wooden match.,Agent-Patient Inversion,The wooden match.,The heavily burning lit candle struck.,1,The wooden match.,The wooden match.,33.365089416503906,100.00001525878906,33.365089416503906,0,The heavily burning lit candle struck.,The heavily burning lit candle.,58.78242111206055,92.47468566894531,48.2363166809082,0,The heavily burning lit candle struck.,The heavily burning lit candle.,58.78242111206055,92.47468566894531,48.2363166809082,False,False,False
Who received the medical treatment or healing?,"The miraculously and unexpectedly cured patient, defying all known medical logic, completely healed the exhausted head doctor.",Agent-Patient Inversion,The exhausted head doctor is the target for: who received the medical treatment or healing?,healed..,1,The exhausted head doctor is the target for: who received the medical treatment or healing?,The exhausted head doctor is the target for the medical staff.,68.80783081054688,80.92845916748047,35.04201126098633,1,The exhausted head doctor is the target for: who received the medical treatment or healing?,The exhausted head doctor is the target for the medical staff.,68.80783081054688,80.92845916748047,35.04201126098633,1,The exhausted head doctor is the target for: who received the medical treatment or healing?,The exhausted head doctor is the target for the medical staff.,68.80783081054688,80.92845916748047,35.04201126098633,False,False,False
What physical object made direct contact to dust the shelf?,The maid dusted the shelf with the torn sock worn over the feather duster.,SEIP,The torn sock made direct contact.,The feather duster.,0,The feather duster.,The feather duster.,43.02995300292969,100.00001525878906,43.02995300292969,1,The torn sock made direct contact.,The torn sock.,15.931567192077637,81.5449447631836,6.540386199951172,1,The torn sock made direct contact.,The torn sock.,15.931567192077637,81.5449447631836,6.540386199951172,True,False,False
What physical object made direct contact to cleave the bone?,The butcher cleaved the bone with the iron pan swung at the meat cleaver.,SEIP,The iron pan made direct contact.,The meat cleaver.,0,The meat cleaver.,The meat cleaver.,39.78492736816406,100.0,39.78492736816406,1,The iron pan made direct contact.,The iron pan.,40.27302932739258,72.9569091796875,25.523815155029297,0,The meat cleaver.,The meat cleaver.,39.78492736816406,100.0,39.78492736816406,False,False,False
What physical object made direct contact to uncork the wine?,The sommelier uncorked the wine with the steel screw resting inside the corkscrew.,SEIP,The steel screw made direct contact is the target for: what physical object made direct contact to uncork the wine?,corkscrew..,1,The steel screw made direct contact is the target for: what physical object made direct contact to uncork the wine?,The steel screw made direct contact is the target for a corkscrew.,85.24153137207031,68.41189575195312,44.123104095458984,1,The steel screw made direct contact is the target for: what physical object made direct contact to uncork the wine?,The steel screw made direct contact is the target for a corkscrew.,85.24153137207031,68.41189575195312,44.123104095458984,0,corkscrew..,The corkscrew.,44.406288146972656,94.01123046875,44.84158706665039,False,False,False
What physical object made direct contact to blow the whistle?,The referee blew the whistle with the latex glove holding the metal whistle.,SEIP,The latex glove made direct contact.,The metal whistle.,0,The metal whistle.,The metal whistle.,64.45327758789062,100.0,64.45327758789062,1,The latex glove made direct contact.,The latex glove.,36.421085357666016,82.21975708007812,16.393125534057617,0,The metal whistle.,The metal whistle.,64.45327758789062,100.0,64.45327758789062,False,False,False
What physical object made direct contact to inspect the diamond?,The jeweler inspected the diamond with the glass bead resting inside the jeweler's loupe.,SEIP,The glass bead made direct contact.,The jeweler's loupe.,0,The jeweler's loupe.,The jeweler's loupe.,40.94598388671875,100.0000228881836,40.94598388671875,1,The glass bead made direct contact.,The glass bead.,55.845726013183594,80.24020385742188,39.533966064453125,1,The glass bead made direct contact.,The glass bead.,55.845726013183594,80.24020385742188,39.533966064453125,True,False,False
What physical object made direct contact to dust the blind?,The cleaner dusted the blind with the ripped shirt resting inside the feather duster.,SEIP,The ripped shirt is the target for: what physical object made direct contact to dust the blind?,duster..,1,The ripped shirt is the target for: what physical object made direct contact to dust the blind?,The physical object that made direct contact to dust the blind is the ripped shirt.,82.57386016845703,95.78070831298828,81.26725769042969,1,The ripped shirt is the target for: what physical object made direct contact to dust the blind?,The physical object that made direct contact to dust the blind is the ripped shirt.,82.57386016845703,95.78070831298828,81.26725769042969,1,The ripped shirt is the target for: what physical object made direct contact to dust the blind?,The physical object that made direct contact to dust the blind is the ripped shirt.,82.57386016845703,95.78070831298828,81.26725769042969,False,False,False
What physical object made direct contact to crack the brick?,The mason cracked the brick with the iron weight swung at the masonry chisel.,SEIP,The iron weight.,The masonry chisel.,0,The masonry chisel.,The masonry chisel.,48.581634521484375,100.0000228881836,48.581634521484375,0,The masonry chisel.,The masonry chisel.,48.581634521484375,100.0000228881836,48.581634521484375,1,The iron weight.,The iron weight.,25.056039810180664,100.0,25.056039810180664,True,True,True
What physical object made direct contact to glaze the pastry?,The baker glazed the pastry with the tissue paper wrapped around the pastry brush.,SEIP,The tissue paper.,The pastry brush.,0,The pastry brush.,The pastry brush.,63.7774658203125,99.9999771118164,63.7774658203125,0,The pastry brush.,The pastry brush.,63.7774658203125,99.9999771118164,63.7774658203125,0,The pastry brush.,The pastry brush.,63.7774658203125,99.9999771118164,63.7774658203125,False,False,False
What physical object made direct contact to slice the roast?,The chef sliced the roast with the dull coin embedded in the chef knife.,SEIP,The dull coin is the target for: what physical object made direct contact to slice the roast?,knife..,1,The dull coin is the target for: what physical object made direct contact to slice the roast?,The dull coin is the target for: the knife.,83.41940307617188,59.185672760009766,22.968460083007812,1,The dull coin is the target for: what physical object made direct contact to slice the roast?,The dull coin is the target for: the knife.,83.41940307617188,59.185672760009766,22.968460083007812,0,knife..,The knife.,27.58091163635254,78.09939575195312,31.834714889526367,False,False,False
What physical object made direct contact to till the soil?,The farmer tilled the soil with the wooden stick tied to the soil plow.,SEIP,The wooden stick.,The soil plow.,0,The soil plow.,The soil plow.,62.318973541259766,100.0,62.318973541259766,0,The soil plow.,The soil plow.,62.318973541259766,100.0,62.318973541259766,1,The wooden stick.,The wooden stick.,29.41986656188965,99.99998474121094,29.41986656188965,True,True,True
What physical object made direct contact to cut the tissue?,The surgeon cut the tissue with the rubber duck taped to the tissue scalpel.,SEIP,The rubber duck.,The tissue scalpel.,0,The tissue scalpel.,The physical object that made direct contact to cut the tissue is the scalpel.,51.567352294921875,73.919677734375,81.69012451171875,0,The tissue scalpel.,The physical object that made direct contact to cut the tissue is the scalpel.,51.567352294921875,73.919677734375,81.69012451171875,1,The rubber duck.,The rubber duck.,18.637556076049805,100.0000228881836,18.637556076049805,True,True,True
What physical object made direct contact to drive the nail?,The carpenter drove the nail with the wet noodle draped over the nail hammer.,SEIP,The wet noodle is the target for: what physical object made direct contact to drive the nail?,hammer..,1,The wet noodle is the target for: what physical object made direct contact to drive the nail?,The hammer.,80.17900085449219,35.79399490356445,39.3824462890625,1,The wet noodle is the target for: what physical object made direct contact to drive the nail?,The hammer.,80.17900085449219,35.79399490356445,39.3824462890625,0,hammer..,The hammer.,41.48814010620117,85.39532470703125,39.3824462890625,False,False,False
What physical object made direct contact to tighten the bolt?,The mechanic tightened the bolt with the glass slipper pressing the bolt wrench.,SEIP,The glass slipper.,The bolt wrench.,0,The bolt wrench.,The bolt wrench.,63.8190803527832,100.0,63.8190803527832,0,The bolt wrench.,The bolt wrench.,63.8190803527832,100.0,63.8190803527832,0,The bolt wrench.,The bolt wrench.,63.8190803527832,100.0,63.8190803527832,False,False,False
What physical object made direct contact to fell the tree?,The lumberjack felled the tree with the feather duster tied to the tree axe.,SEIP,The feather duster.,The tree axe.,0,The tree axe.,The tree axe.,47.67203140258789,100.0,47.67203140258789,0,The tree axe.,The tree axe.,47.67203140258789,100.0,47.67203140258789,0,The tree axe.,The tree axe.,47.67203140258789,100.0,47.67203140258789,False,False,False
What physical object made direct contact to shape the iron?,The blacksmith shaped the iron with the paper straw stuck to the iron anvil.,SEIP,The paper straw is the target for: what physical object made direct contact to shape the iron?,anvil..,1,The paper straw is the target for: what physical object made direct contact to shape the iron?,The paper straw is the target for: the hammer.,80.09576416015625,60.76137924194336,26.49855613708496,1,The paper straw is the target for: what physical object made direct contact to shape the iron?,The paper straw is the target for the hammer.,80.09576416015625,58.994483947753906,28.477636337280273,1,The paper straw is the target for: what physical object made direct contact to shape the iron?,The paper straw is the target for the hammer.,80.09576416015625,58.994483947753906,28.477636337280273,False,False,False
What physical object made direct contact to coat the wall?,The painter coated the wall with the slice of bread pressed to the wall brush.,SEIP,The slice of bread.,The wall brush.,1,The slice of bread.,The slice of bread.,21.77067756652832,100.0,21.77067756652832,0,The wall brush.,The wall brush.,51.25840759277344,100.00001525878906,51.25840759277344,1,The slice of bread.,The slice of bread.,21.77067756652832,100.0,21.77067756652832,False,True,False
What physical object made direct contact to stitch the fabric?,The tailor stitched the fabric with the ice cube touching the fabric needle.,SEIP,The ice cube.,The fabric needle.,0,The fabric needle.,The fabric needle.,66.61158752441406,100.0,66.61158752441406,0,The fabric needle.,The fabric needle.,66.61158752441406,100.0,66.61158752441406,1,The ice cube.,The ice cube.,22.821208953857422,100.00001525878906,22.821208953857422,True,True,True
What physical object made direct contact to prune the rose?,The gardener pruned the rose with the playing card glued to the rose shears.,SEIP,The playing card is the target for: what physical object made direct contact to prune the rose?,shears..,1,The playing card is the target for: what physical object made direct contact to prune the rose?,The playing card.,83.09476470947266,53.781044006347656,15.378777503967285,1,The playing card is the target for: what physical object made direct contact to prune the rose?,The playing card.,83.09476470947266,53.781044006347656,15.378777503967285,1,The playing card is the target for: what physical object made direct contact to prune the rose?,The playing card.,83.09476470947266,53.781044006347656,15.378777503967285,False,False,False
What physical object made direct contact to chisel the marble?,The sculptor chiseled the marble with the shoelace wrapped on the marble chisel.,SEIP,The shoelace.,The marble chisel.,0,The marble chisel.,The chisel itself.,78.93437957763672,81.54633331298828,62.92557144165039,0,The marble chisel.,The chisel itself made direct contact to chisel the marble.,78.93437957763672,82.7337417602539,89.22531127929688,1,The shoelace.,The shoelace.,20.620542526245117,99.9999771118164,20.620542526245117,True,True,True
What physical object made direct contact to strip the wire?,The electrician stripped the wire with the paper clip touching the wire cutter.,SEIP,The paper clip.,The wire cutter.,0,The wire cutter.,The wire cutter.,62.72365951538086,100.0000228881836,62.72365951538086,0,The wire cutter.,The wire cutter.,62.72365951538086,100.0000228881836,62.72365951538086,0,The wire cutter.,The wire cutter.,62.72365951538086,100.0000228881836,62.72365951538086,False,False,False
What physical object made direct contact to mop the floor?,The janitor mopped the floor with the torn receipt stuck to the floor mop.,SEIP,The torn receipt is the target for: what physical object made direct contact to mop the floor?,mop..,1,The torn receipt is the target for: what physical object made direct contact to mop the floor?,The torn receipt is the target for the mop.,83.65258026123047,75.5980224609375,45.19514083862305,1,The torn receipt is the target for: what physical object made direct contact to mop the floor?,The torn receipt is the target for the mop.,83.65258026123047,75.5980224609375,45.19514083862305,1,The torn receipt is the target for: what physical object made direct contact to mop the floor?,The torn receipt is the target for the mop.,83.65258026123047,75.5980224609375,45.19514083862305,False,False,False
What physical object made direct contact to shave the beard?,The barber shaved the beard with the wet leaf covering the beard razor.,SEIP,The wet leaf.,The beard razor.,0,The beard razor.,The blade of the beard razor.,72.07369995117188,94.9019775390625,73.91073608398438,0,The beard razor.,The physical object that made direct contact to shave the beard is the blade of the beard razor.,72.07369995117188,72.43840789794922,87.79249572753906,0,The beard razor.,The physical object that made direct contact to shave the beard is the blade of the beard razor.,72.07369995117188,72.43840789794922,87.79249572753906,False,False,False
What physical object made direct contact to fire the arrow?,The archer fired the arrow with the rubber band tied to the arrow bow.,SEIP,The rubber band.,The arrow bow.,0,The arrow bow.,The physical object that made direct contact to fire the arrow is the bowstring.,60.3983154296875,67.1812744140625,89.62429809570312,0,The arrow bow.,The physical object that made direct contact to fire the arrow is the bowstring.,60.3983154296875,67.1812744140625,89.62429809570312,0,The arrow bow.,The physical object that made direct contact to fire the arrow is the bowstring.,60.3983154296875,67.1812744140625,89.62429809570312,False,False,False
What physical object made direct contact to sharpen the sword?,The knight sharpened the sword with the sponge wiping the sword whetstone.,SEIP,The sponge is the target for: what physical object made direct contact to sharpen the sword?,whetstone..,1,The sponge is the target for: what physical object made direct contact to sharpen the sword?,The physical object made direct contact to sharpen the sword is a stone.,84.53079223632812,78.46309661865234,87.97891235351562,1,The sponge is the target for: what physical object made direct contact to sharpen the sword?,The physical object made direct contact to sharpen the sword is a stone.,84.53079223632812,78.46309661865234,87.97891235351562,1,The sponge is the target for: what physical object made direct contact to sharpen the sword?,The physical object that made direct contact to sharpen the sword is a stone.,84.53079223632812,77.97814178466797,87.53348541259766,False,False,False
What physical object made direct contact to clean the lens?,The astronomer cleaned the lens with the coffee filter blocking the lens cloth.,SEIP,The coffee filter.,The lens cloth.,0,The lens cloth.,The lens cloth.,67.14282989501953,100.0,67.14282989501953,0,The lens cloth.,The lens cloth.,67.14282989501953,100.0,67.14282989501953,1,The coffee filter.,The coffee filter.,34.295494079589844,100.0,34.295494079589844,True,True,True
What physical object made direct contact to pick the lock?,The thief picked the lock with the plastic comb attached to the lock pick.,Lexical Echo,The plastic comb made direct contact.,The lock pick.,0,The lock pick.,The physical object that made direct contact to pick the lock is the lock pick.,62.59130859375,67.64813995361328,92.0273666381836,0,The lock pick.,The physical object that made direct contact to pick the lock is the lock pick.,62.59130859375,67.64813995361328,92.0273666381836,0,The lock pick.,The physical object that made direct contact to pick the lock is the lock pick.,62.59130859375,67.64813995361328,92.0273666381836,False,False,False
What physical object made direct contact to deflect the bullet?,The soldier deflected the bullet with the wooden plank holding the bullet shield.,Lexical Echo,The wooden plank made direct contact is the target for: what physical object made direct contact to deflect the bullet?,shield..,1,The wooden plank made direct contact is the target for: what physical object made direct contact to deflect the bullet?,The wooden plank.,88.3773422241211,48.02339553833008,22.352577209472656,1,The wooden plank made direct contact is the target for: what physical object made direct contact to deflect the bullet?,The wooden plank.,88.3773422241211,48.02339553833008,22.352577209472656,0,shield..,The shield.,32.1121940612793,86.5495834350586,32.79242706298828,False,False,False
What physical object made direct contact to bypass the terminal?,The hacker bypassed the terminal with the gaming controller wired to the terminal drive.,Lexical Echo,The gaming controller made direct contact.,The terminal drive.,0,The terminal drive.,The physical object that made direct contact to bypass the terminal was the USB drive.,43.88469314575195,58.26247787475586,81.26927947998047,1,The gaming controller made direct contact.,The gaming controller.,48.78895568847656,66.689208984375,28.65207290649414,0,The terminal drive.,The physical object that made direct contact to bypass the terminal was a screwdriver.,43.88469314575195,51.34842300415039,86.16097259521484,False,False,False
What physical object made direct contact to bypass the circuit?,The engineer bypassed the circuit with the copper wire coiled around the circuit fuse.,Lexical Echo,The copper wire made direct contact.,The circuit fuse.,0,The circuit fuse.,The metal screwdriver.,49.98346710205078,41.247230529785156,38.194393157958984,1,The copper wire made direct contact.,The copper wire.,58.53586959838867,78.32408905029297,41.646366119384766,1,The copper wire made direct contact.,The copper wire.,58.53586959838867,78.32408905029297,41.646366119384766,True,False,False
What physical object made direct contact to slip the knot?,The hostage slipped the knot with the broken nail hidden under the knot knife.,Lexical Echo,The broken nail made direct contact is the target for: what physical object made direct contact to slip the knot?,knife..,1,The broken nail made direct contact is the target for: what physical object made direct contact to slip the knot?,The physical object that made direct contact to slip the knot is the broken nail.,82.51317596435547,92.40684509277344,77.23283386230469,1,The broken nail made direct contact is the target for: what physical object made direct contact to slip the knot?,The physical object made direct contact to slip the knot is the string.,82.51317596435547,74.14794921875,87.55083465576172,1,The broken nail made direct contact is the target for: what physical object made direct contact to slip the knot?,The physical object made direct contact to slip the knot is the string.,82.51317596435547,74.14794921875,87.55083465576172,False,False,False
What physical object made direct contact to signal the camp?,The scout signaled the camp with the mirrored glass held before the camp flashlight.,Lexical Echo,The mirrored glass.,The camp flashlight.,0,The camp flashlight.,The camp flashlight.,51.6791877746582,100.0,51.6791877746582,0,The camp flashlight.,The camp flashlight.,51.6791877746582,100.0,51.6791877746582,0,The camp flashlight.,The camp flashlight.,51.6791877746582,100.0,51.6791877746582,False,False,False
What physical object made direct contact to shatter the case?,The burglar shattered the case with the soft jacket wrapped around the case hammer.,Lexical Echo,The soft jacket.,The case hammer.,0,The case hammer.,The case hammer.,47.7306022644043,100.0,47.7306022644043,0,The case hammer.,The case hammer.,47.7306022644043,100.0,47.7306022644043,1,The soft jacket.,The soft jacket.,18.880748748779297,100.00003814697266,18.880748748779297,True,True,True
What physical object made direct contact to cut the diamond?,The jeweler cut the diamond with the glass shard glued to the diamond saw.,Lexical Echo,The glass shard is the target for: what physical object made direct contact to cut the diamond?,saw..,1,The glass shard is the target for: what physical object made direct contact to cut the diamond?,The physical object that made direct contact to cut the diamond is the glass shard.,88.06455993652344,96.34282684326172,87.8141860961914,1,The glass shard is the target for: what physical object made direct contact to cut the diamond?,The physical object that made direct contact to cut the diamond is the glass shard.,88.06455993652344,96.34282684326172,87.8141860961914,0,saw..,The saw made direct contact to cut the diamond.,22.926332473754883,37.35859298706055,84.5335693359375,False,False,False
What physical object made direct contact to poison the drink?,The assassin poisoned the drink with the dirty rag hiding the drink vial.,Lexical Echo,The dirty rag.,The drink vial.,0,The drink vial.,The physical object that made direct contact to poison the drink is the vial.,48.97842788696289,70.08321380615234,86.11555480957031,0,The drink vial.,The physical object that made direct contact to poison the drink is the vial.,48.97842788696289,70.08321380615234,86.11555480957031,1,The dirty rag.,The dirty rag.,16.364782333374023,100.00001525878906,16.364782333374023,True,True,True
What physical object made direct contact to breach the door?,The firefighter breached the door with the heavy brick swung at the door axe.,Lexical Echo,The heavy brick.,The door axe.,0,The door axe.,The door axe.,45.87349319458008,99.99998474121094,45.87349319458008,0,The door axe.,The door axe.,45.87349319458008,99.99998474121094,45.87349319458008,1,The heavy brick.,The heavy brick.,25.82756805419922,100.0,25.82756805419922,True,True,True
What physical object made direct contact to probe the wound?,The surgeon probed the wound with the plastic peg held near the wound retractor.,Lexical Echo,The plastic peg is the target for: what physical object made direct contact to probe the wound?,retractor..,1,The plastic peg is the target for: what physical object made direct contact to probe the wound?,The physical object made direct contact to probe the wound is the plastic peg.,84.4035415649414,95.80663299560547,81.88483428955078,1,The plastic peg is the target for: what physical object made direct contact to probe the wound?,The physical object made direct contact to probe the wound is the plastic peg.,84.4035415649414,95.80663299560547,81.88483428955078,1,The plastic peg is the target for: what physical object made direct contact to probe the wound?,The physical object made direct contact to probe the wound is the plastic peg.,84.4035415649414,95.80663299560547,81.88483428955078,False,False,False
What physical object made direct contact to pick the padlock?,The thief picked the padlock with the iron wire taped to the padlock pick.,Lexical Echo,The iron wire.,The padlock pick.,0,The padlock pick.,The physical object that made direct contact to pick the padlock is the pick itself.,70.68118286132812,74.86537170410156,89.88301849365234,0,The padlock pick.,The physical object that made direct contact to pick the padlock is the pick itself.,70.68118286132812,74.86537170410156,89.88301849365234,0,The padlock pick.,The physical object that made direct contact to pick the padlock is the pick itself.,70.68118286132812,74.86537170410156,89.88301849365234,False,False,False
What physical object made direct contact to parry the foil?,The fencer parried the foil with the leather glove gripping the foil guard.,Lexical Echo,The leather glove.,The foil guard.,0,The foil guard.,The foil guard.,56.7265510559082,100.0,56.7265510559082,0,The foil guard.,The foil guard.,56.7265510559082,100.0,56.7265510559082,1,The leather glove.,The leather glove.,21.900432586669922,100.0000228881836,21.900432586669922,True,True,True
What physical object made direct contact to join the seam?,The welder joined the seam with the heated wire touching the seam torch.,Lexical Echo,The heated wire is the target for: what physical object made direct contact to join the seam?,torch..,1,The heated wire is the target for: what physical object made direct contact to join the seam?,The physical object that made direct contact to join the seam is a soldering iron.,82.1620101928711,77.82301330566406,84.04263305664062,1,The heated wire is the target for: what physical object made direct contact to join the seam?,A soldering iron.,82.1620101928711,38.771663665771484,33.724647521972656,0,torch..,The torch.,9.565814971923828,85.5345230102539,13.714393615722656,False,False,False
What physical object made direct contact to explore the wreck?,The diver explored the wreck with the plastic stick tied to the wreck light.,Lexical Echo,The plastic stick.,The wreck light.,0,The wreck light.,The wreck light.,52.31112289428711,99.99998474121094,52.31112289428711,0,The wreck light.,The wreck light.,52.31112289428711,99.99998474121094,52.31112289428711,1,The plastic stick.,The plastic stick.,29.621109008789062,100.00001525878906,29.621109008789062,True,True,True
What physical object made direct contact to steer the ship?,The pilot steered the ship with the wooden spoon taped to the ship wheel.,Lexical Echo,The wooden spoon.,The ship wheel.,0,The ship wheel.,The ship wheel.,57.82476043701172,100.0000228881836,57.82476043701172,0,The ship wheel.,The ship wheel.,57.82476043701172,100.0000228881836,57.82476043701172,1,The wooden spoon.,The wooden spoon.,24.464441299438477,100.0000228881836,24.464441299438477,True,True,True
What physical object made direct contact to stop the car?,The driver stopped the car with the rubber boot pressing the car brake.,Lexical Echo,The rubber boot is the target for: what physical object made direct contact to stop the car?,brake..,1,The rubber boot is the target for: what physical object made direct contact to stop the car?,The rubber boot.,77.93953704833984,63.4913215637207,23.646215438842773,1,The rubber boot is the target for: what physical object made direct contact to stop the car?,The rubber boot.,77.93953704833984,63.4913215637207,23.646215438842773,1,The rubber boot is the target for: what physical object made direct contact to stop the car?,The rubber boot.,77.93953704833984,63.4913215637207,23.646215438842773,False,False,False
What physical object made direct contact to shoot the target?,The sniper shot the target with the glass bottle covering the target scope.,Lexical Echo,The glass bottle.,The target scope.,0,The target scope.,The arrow.,45.32011795043945,44.51490783691406,24.18678092956543,0,The target scope.,The arrow.,45.32011795043945,44.51490783691406,24.18678092956543,1,The glass bottle.,The glass bottle.,16.41188621520996,100.0,16.41188621520996,True,True,True
What physical object made direct contact to capture the bird?,The photographer captured the bird with the plastic cup blocking the bird lens.,Lexical Echo,The plastic cup.,The bird lens.,0,The bird lens.,The physical object that made direct contact to capture the bird is the lens.,58.6705207824707,77.17027282714844,85.93063354492188,0,The bird lens.,The physical object that made direct contact to capture the bird is the lens.,58.6705207824707,77.17027282714844,85.93063354492188,1,The plastic cup.,The plastic cup.,30.827754974365234,100.0,30.827754974365234,True,True,True
What physical object made direct contact to scale the wall?,The climber scaled the wall with the cotton rope tied to the wall hook.,Lexical Echo,The cotton rope is the target for: what physical object made direct contact to scale the wall?,hook..,1,The cotton rope is the target for: what physical object made direct contact to scale the wall?,The physical object made direct contact to scale the wall is the cotton rope.,82.91670227050781,96.48674774169922,80.164306640625,1,The cotton rope is the target for: what physical object made direct contact to scale the wall?,The physical object made direct contact to scale the wall is the cotton rope.,82.91670227050781,96.48674774169922,80.164306640625,0,hook..,The hook.,8.201935768127441,79.61383056640625,15.382816314697266,False,False,False
What physical object made direct contact to catch the bass?,The fisherman caught the bass with the metal clip holding the bass lure.,Lexical Echo,The metal clip.,The bass lure.,0,The bass lure.,The bass lure.,64.98814392089844,100.0,64.98814392089844,0,The bass lure.,The bass lure.,64.98814392089844,100.0,64.98814392089844,0,The bass lure.,The bass lure.,64.98814392089844,100.0,64.98814392089844,False,False,False
What physical object made direct contact to type the story?,The writer typed the story with the wooden block hitting the story keyboard.,Lexical Echo,The wooden block.,The story keyboard.,0,The story keyboard.,The story keyboard.,51.16454315185547,100.0,51.16454315185547,0,The story keyboard.,The story keyboard.,51.16454315185547,100.0,51.16454315185547,1,The wooden block.,The wooden block.,36.531009674072266,100.0000228881836,36.531009674072266,True,True,True
What physical object made direct contact to paint the portrait?,The artist painted the portrait with the cotton swab touching the portrait brush.,Lexical Echo,The cotton swab is the target for: what physical object made direct contact to paint the portrait?,brush..,1,The cotton swab is the target for: what physical object made direct contact to paint the portrait?,The physical object that made direct contact to paint the portrait is the brush.,76.5011215209961,71.12151336669922,86.36942291259766,1,The cotton swab is the target for: what physical object made direct contact to paint the portrait?,The physical object that made direct contact to paint the portrait is the brush.,76.5011215209961,71.12151336669922,86.36942291259766,1,The cotton swab is the target for: what physical object made direct contact to paint the portrait?,The physical object that made direct contact to paint the portrait is the brush.,76.5011215209961,71.12151336669922,86.36942291259766,False,False,False
What physical object made direct contact to light the fire?,The camper lit the fire with the dry leaf shielding the fire match.,Lexical Echo,The dry leaf.,The fire match.,0,The fire match.,The match.,47.59991455078125,75.18694305419922,21.838895797729492,0,The fire match.,The match.,47.59991455078125,75.18694305419922,21.838895797729492,1,The dry leaf.,The dry leaf.,20.553091049194336,100.00001525878906,20.553091049194336,True,True,True
What physical object made direct contact to carve the turkey?,The butcher carved the turkey with the dull coin scraping the turkey knife.,Lexical Echo,The dull coin.,The turkey knife.,0,The turkey knife.,The turkey knife.,58.76839065551758,100.00001525878906,58.76839065551758,0,The turkey knife.,The turkey knife.,58.76839065551758,100.00001525878906,58.76839065551758,1,The dull coin.,The dull coin.,9.943394660949707,100.0,9.943394660949707,True,True,True
